/2020/     https://samk.blog/2020/     301!
/categories/better-humaning/     https://samk.blog/categories/better-humaning/     301!
/categories/     https://samk.blog/categories/     301!
/topics/facilitation/      https://samk.blog/topics/facilitation/      301!
/topics/social-justice-dogma/      https://samk.blog/topics/social-justice-dogma/      301!
/topics/sjmd-book/     https://samk.blog/topics/sjmd-book/     301!
/topics/     https://samk.blog/topics/     301!
/facilitating-social-justice/      https://samk.blog/facilitating-social-justice/      301!
/topics/perspective/     https://samk.blog/topics/perspective/     301!
/cornerstones-of-social-justice-dogma/     https://samk.blog/cornerstones-of-social-justice-dogma/     301!
/topics/activism/      https://samk.blog/topics/activism/      301!
/topics/capitalism/      https://samk.blog/topics/capitalism/      301!
/topics/gift-economy/      https://samk.blog/topics/gift-economy/      301!
/topics/meta-af/     https://samk.blog/topics/meta-af/     301!
/topics/rant/      https://samk.blog/topics/rant/      301!
/book-freely-accessible/     https://samk.blog/book-freely-accessible/     301!
/topics/gender/      https://samk.blog/topics/gender/      301!
/literal-transphobia/      https://samk.blog/literal-transphobia/      301!
/topics/suffering/     https://samk.blog/topics/suffering/     301!
/suffering-points/     https://samk.blog/suffering-points/     301!
/topics/ambiguity/     https://samk.blog/topics/ambiguity/     301!
/appeal-of-dogma/      https://samk.blog/appeal-of-dogma/      301!
/topics/how-to/      https://samk.blog/topics/how-to/      301!
/hot-take-dinners/     https://samk.blog/hot-take-dinners/     301!
/topics/public-thinking/     https://samk.blog/topics/public-thinking/     301!
/topics/arguing/     https://samk.blog/topics/arguing/     301!
/reacting-to-social-justice-pushback/      https://samk.blog/reacting-to-social-justice-pushback/      301!
/topics/internet/      https://samk.blog/topics/internet/      301!
/talking-about-social-justice-dogma-is-anti-viral/     https://samk.blog/talking-about-social-justice-dogma-is-anti-viral/ 301!
/why-blog-to-book/     https://samk.blog/why-blog-to-book/     301!
/topics/blogging/      https://samk.blog/topics/blogging/      301!
/topics/list/      https://samk.blog/topics/list/      301!
/topics/publishing/      https://samk.blog/topics/publishing/      301!
/categories/work-dot-com/      https://samk.blog/categories/work-dot-com/      301!
/topics/writing/     https://samk.blog/topics/writing/     301!
/topics/learning/      https://samk.blog/topics/learning/      301!
/posts/      https://samk.blog/posts/      301!
/the-9-3-1-learning-rule/      https://samk.blog/the-9-3-1-learning-rule/      301!
/sections/     https://samk.blog/sections/     301!
/rage-du-jour/     https://samk.blog/rage-du-jour/     301!
/topics/social-media/      https://samk.blog/topics/social-media/      301!
/categories/technolophizing/     https://samk.blog/categories/technolophizing/     301!
/cancel-debts-not-people/      https://samk.blog/cancel-debts-not-people/      301!
/topics/politics/      https://samk.blog/topics/politics/      301!
/progressivism-problem/      https://samk.blog/progressivism-problem/      301!
/topics/sam/     https://samk.blog/topics/sam/     301!
/now-april-2019/     https://samk.blog/now-april-2019/     301!
/categories/updates/     https://samk.blog/categories/updates/     301!
/topics/humanism/      https://samk.blog/topics/humanism/      301!
/libraries/      https://samk.blog/libraries/      301!
/topics/vulnerability/     https://samk.blog/topics/vulnerability/     301!
/ambition-hiding/      https://samk.blog/ambition-hiding/      301!
/anti-phone-addiction-habits/      https://samk.blog/anti-phone-addiction-habits/      301!
/topics/habits/      https://samk.blog/topics/habits/      301!
/topics/challenge/     https://samk.blog/topics/challenge/     301!
/topics/creativity/      https://samk.blog/topics/creativity/      301!
/the-creative-march/     https://samk.blog/the-creative-march/     301!
/project-based-learning/     https://samk.blog/project-based-learning/     301!
/topics/obstacles/     https://samk.blog/topics/obstacles/     301!
/they-should-make/     https://samk.blog/they-should-make/     301!
/topics/unhappiness/     https://samk.blog/topics/unhappiness/     301!
/big-flu-no-news/      https://samk.blog/big-flu-no-news/      301!
/design-goals-checklist/     https://samk.blog/design-goals-checklist/     301!
/why-not-patreon/      https://samk.blog/why-not-patreon/      301!
/topics/work/      https://samk.blog/topics/work/      301!
/self-employed/      https://samk.blog/self-employed/      301!
/maybes/     https://samk.blog/maybes/     301!
/topics/cover-stories/     https://samk.blog/topics/cover-stories/     301!
/topics/friendship/      https://samk.blog/topics/friendship/      301!
/falling-off-the-daily-meditation-path/      https://samk.blog/falling-off-the-daily-meditation-path/      301!
/topics/mindfulness/     https://samk.blog/topics/mindfulness/     301!
/topics/overhead/      https://samk.blog/topics/overhead/      301!
/topics/web-dev/     https://samk.blog/topics/web-dev/     301!
/topics/wordpress/     https://samk.blog/topics/wordpress/     301!
/subscribe/      https://samk.blog/subscribe/      301!
/popular/      https://samk.blog/popular/      301!
/essays/     https://samk.blog/essays/     301!
/links/      https://samk.blog/links/      301!
/quotes/     https://samk.blog/quotes/     301!
/statuses/     https://samk.blog/statuses/     301!
overthinking-everything-so-you-dont-have-to/      https://samk.blog/      /301!overthinking-everything-so-you-dont-have-to/
/topics/reflecting/      https://samk.blog/topics/reflecting/      301!
/policing-voting-vs-nuance/      https://samk.blog/policing-voting-vs-nuance/      301!
/funding-online-work-in-2018/      https://samk.blog/funding-online-work-in-2018/      301!
/learning-from-mistakes-quote/     https://samk.blog/learning-from-mistakes-quote/     301!
/be-the-wind-or-the-sail-quote/      https://samk.blog/be-the-wind-or-the-sail-quote/      301!
/topics/intentionality/      https://samk.blog/topics/intentionality/      301!
/topics/branding/      https://samk.blog/topics/branding/      301!
/topics/progress-report/     https://samk.blog/topics/progress-report/     301!
/topics/strategic-planning/      https://samk.blog/topics/strategic-planning/      301!
/topics/update/      https://samk.blog/topics/update/      301!
totally-new-site-slightly-new-direction/      https://samk.blog/totally-new-site-slightly-new-direction/      /301!
cant-stop-thinking-social-justice-dogma-keeping-quiet/      https://samk.blog/      /301!cant-stop-thinking-social-justice-dogma-keeping-quiet/
/topics/patrons-only/      https://samk.blog/topics/patrons-only/      301!
/topics/productivity/      https://samk.blog/topics/productivity/      301!
/road-away-from-email/     https://samk.blog/road-away-from-email/     301!
/2016-brief-review-creativity/     https://samk.blog/2016-brief-review-creativity/     301!
/politics-not-as-sports/     https://samk.blog/politics-not-as-sports/     301!
/topics/discourse/     https://samk.blog/topics/discourse/     301!
/topics/in-the-media/      https://samk.blog/topics/in-the-media/      301!
categories/building-a-daily-meditation-habit/     https://samk.blog/categories/     /301!building-a-daily-meditation-habit/
/maintaining-daily-meditation-habit/     https://samk.blog/maintaining-daily-meditation-habit/     301!
why-im-so-excited-about-facilitatingxyz/      https://samk.blog/why-im-so-excited-about-facilitatingxyz/      /301!
/building-daily-meditation-habit/      https://samk.blog/building-daily-meditation-habit/      301!
/categories/adventravel/     https://samk.blog/categories/adventravel/     301!
/topics/bangkok/     https://samk.blog/topics/bangkok/     301!
/topics/kanchanaburi/      https://samk.blog/topics/kanchanaburi/      301!
/topics/reflection/      https://samk.blog/topics/reflection/      301!
/categories/thailand/      https://samk.blog/categories/thailand/      301!
/topics/train/     https://samk.blog/topics/train/     301!
waking-up-in-nong-pladuk-on-my-way-home-to-the-us/      https://samk.blog/      /301!waking-up-in-nong-pladuk-on-my-way-home-to-the-us/
/topics/chiang-mai/      https://samk.blog/topics/chiang-mai/      301!
loving-the-uncertainty-of-travel-from-bangkok-to-chiang-mai/      https://samk.blog/      /301!loving-the-uncertainty-of-travel-from-bangkok-to-chiang-mai/
/topics/uncertainty/     https://samk.blog/topics/uncertainty/     301!
/topics/adventure/     https://samk.blog/topics/adventure/     301!
/thailand-august/      https://samk.blog/thailand-august/      301!
/topics/sabbatical/      https://samk.blog/topics/sabbatical/      301!
/topics/sexuality/     https://samk.blog/topics/sexuality/     301!
/im-publishing-a-book/     https://samk.blog/im-publishing-a-book/     301!
/topics/social-justice/      https://samk.blog/topics/social-justice/      301!
/for-productivity-forget-charger/      https://samk.blog/for-productivity-forget-charger/      301!
/topics/minimalism/      https://samk.blog/topics/minimalism/      301!
/topics/fear/      https://samk.blog/topics/fear/      301!
/singing-lesson-anxiety/     https://samk.blog/singing-lesson-anxiety/     301!
/topics/performance/     https://samk.blog/topics/performance/     301!
/starstruck/     https://samk.blog/starstruck/     301!
/topics/story/     https://samk.blog/topics/story/     301!
/topics/identity/      https://samk.blog/topics/identity/      301!
/new-show-in-tolerance/      https://samk.blog/new-show-in-tolerance/      301!
/topics/religion/      https://samk.blog/topics/religion/      301!
/topics/coaching/      https://samk.blog/topics/coaching/      301!
/stop-being-harder-on-self/      https://samk.blog/stop-being-harder-on-self/      301!
/topics/grad-school/     https://samk.blog/topics/grad-school/     301!
/what-i-miss-about-grad-school/      https://samk.blog/what-i-miss-about-grad-school/      301!
/gender-expression-vs-cueing/      https://samk.blog/gender-expression-vs-cueing/      301!
/managing-ideas/     https://samk.blog/managing-ideas/     301!
/topics/organization/      https://samk.blog/topics/organization/      301!
/topics/comedy/      https://samk.blog/topics/comedy/      301!
/my-sex-show/      https://samk.blog/my-sex-show/      301!
/topics/s.e.x./      https://samk.blog/topics/s.e.x./      301!
/perfect-night-in-dahab/     https://samk.blog/perfect-night-in-dahab/     301!
/topics/black-desert/      https://samk.blog/topics/black-desert/      301!
/topics/camping/     https://samk.blog/topics/camping/     301!
/topics/egypt/     https://samk.blog/topics/egypt/     301!
/categories/egypt/     https://samk.blog/categories/egypt/     301!
/into-the-desert/      https://samk.blog/into-the-desert/      301!
/topics/sahara/      https://samk.blog/topics/sahara/      301!
/topics/white-desert/      https://samk.blog/topics/white-desert/      301!
/driving-in-egypt/     https://samk.blog/driving-in-egypt/     301!
/topics/cab-ride/      https://samk.blog/topics/cab-ride/      301!
/topics/cairo/     https://samk.blog/topics/cairo/     301!
/egypt-culture-shock/      https://samk.blog/egypt-culture-shock/      301!
/egypt-june/     https://samk.blog/egypt-june/     301!
/about/sam-killermann/     https://samk.blog/about/sam-killermann/     301!
/rethinking-thought-per-day/     https://samk.blog/rethinking-thought-per-day/     301!
/sick-with-career/     https://samk.blog/sick-with-career/     301!
/be-bored/     https://samk.blog/be-bored/     301!
/topics/prose/     https://samk.blog/topics/prose/     301!
/protecting-good-habits/     https://samk.blog/protecting-good-habits/     301!
/im-not-going-to-teach-you-anything/     https://samk.blog/im-not-going-to-teach-you-anything/     301!
/remembering-what-you-do/      https://samk.blog/remembering-what-you-do/      301!
/this-flowchart-will-change-your-life/     https://samk.blog/this-flowchart-will-change-your-life/     301!
/pre-trip-insomnia/      https://samk.blog/pre-trip-insomnia/      301!
/treating-old-friends-like-new-friends/      https://samk.blog/treating-old-friends-like-new-friends/      301!
/what-is-the-meaning-of-life/      https://samk.blog/what-is-the-meaning-of-life/      301!
/topics/revolution/      https://samk.blog/topics/revolution/      301!
/social-justice-in-2014/     https://samk.blog/social-justice-in-2014/     301!
/lenses-construct-reality/     https://samk.blog/lenses-construct-reality/     301!
/choose-to-love/     https://samk.blog/choose-to-love/     301!
/topics/love/      https://samk.blog/topics/love/      301!
/topics/dreams/      https://samk.blog/topics/dreams/      301!
/my-list-of-100-dreams/      https://samk.blog/my-list-of-100-dreams/      301!
/four-mes/     https://samk.blog/four-mes/     301!
/topics/personhood/      https://samk.blog/topics/personhood/      301!
/topics/open-letter/     https://samk.blog/topics/open-letter/     301!
national-organization-for-marriage-against-me/      https://samk.blog/      /301!national-organization-for-marriage-against-me/
/we-are-dating-our-phones/     https://samk.blog/we-are-dating-our-phones/     301!
/how-to-work-on-the-internet/      https://samk.blog/how-to-work-on-the-internet/      301!
/topics/finding-peace/     https://samk.blog/topics/finding-peace/     301!
/my-guitar-is-my-pacifier/     https://samk.blog/my-guitar-is-my-pacifier/     301!
/topics/perfection/      https://samk.blog/topics/perfection/      301!
/insulted-by-ambition/     https://samk.blog/insulted-by-ambition/     301!
30-mind-blowing-facts-internet-is-broken/     https://samk.blog/30-mind-blowing-facts-internet-is-broken/     /301!
/macbook-creed/      https://samk.blog/macbook-creed/      301!
/topics/parody/      https://samk.blog/topics/parody/      301!
/you-should-watch-the-movie-about-time/      https://samk.blog/you-should-watch-the-movie-about-time/      301!
/being-sick-catching-up/     https://samk.blog/being-sick-catching-up/     301!
/topics/health/      https://samk.blog/topics/health/      301!
/single-serving-friends/     https://samk.blog/single-serving-friends/     301!
/topics/traveling/     https://samk.blog/topics/traveling/     301!
/topics/best-of/     https://samk.blog/topics/best-of/     301!
/my-favorite-thoughts-of-2013/     https://samk.blog/my-favorite-thoughts-of-2013/     301!
man-high-on-meth-fights-of-15-police-officers-while-masturbat     https://samk.blog/      /301!man-high-on-meth-fights-of-15-police-officers-while-masturbat
/open-letter-to-disney-channel/      https://samk.blog/open-letter-to-disney-channel/      301!
genital-xenophobia-vs-genital-wanderlust/     https://samk.blog/genital-xenophobia-vs-genital-wanderlust/     /301!
/topics/sex/     https://samk.blog/topics/sex/     301!
/topics/gratitude/     https://samk.blog/topics/gratitude/     301!
/topics/holidays/      https://samk.blog/topics/holidays/      301!
/new-years-resolutions-happy-world/      https://samk.blog/new-years-resolutions-happy-world/      301!
/topics/critical-thinking/     https://samk.blog/topics/critical-thinking/     301!
/topics/rest/      https://samk.blog/topics/rest/      301!
/spend-a-day-lost-in-your-thoughts/      https://samk.blog/spend-a-day-lost-in-your-thoughts/      301!
/treat-every-day-like-christmas/     https://samk.blog/treat-every-day-like-christmas/     301!
/scrapping-and-starting-fresh/     https://samk.blog/scrapping-and-starting-fresh/     301!
/dark-side-of-the-lens/      https://samk.blog/dark-side-of-the-lens/      301!
/topics/inspiration/     https://samk.blog/topics/inspiration/     301!
/topics/passion/     https://samk.blog/topics/passion/     301!
/abusive-gender-stereotypes/     https://samk.blog/abusive-gender-stereotypes/     301!
/minimalism-tips/      https://samk.blog/minimalism-tips/      301!
/topics/language/      https://samk.blog/topics/language/      301!
/topics/pride/     https://samk.blog/topics/pride/     301!
/proud-humbled-misunderstanding/     https://samk.blog/proud-humbled-misunderstanding/     301!
/50-thoughts-checking-in/      https://samk.blog/50-thoughts-checking-in/      301!
/topics/self-help/     https://samk.blog/topics/self-help/     301!
/self-help-books/      https://samk.blog/self-help-books/      301!
/be-your-own-friend-first/     https://samk.blog/be-your-own-friend-first/     301!
/topics/self-care/     https://samk.blog/topics/self-care/     301!
/tips-for-living-mindfully/      https://samk.blog/tips-for-living-mindfully/      301!
/saw-sharpening/     https://samk.blog/saw-sharpening/     301!
/asking-for-help/      https://samk.blog/asking-for-help/      301!
/topics/help/      https://samk.blog/topics/help/      301!
/for-me-its-about-the-people/      https://samk.blog/for-me-its-about-the-people/      301!
/topics/people/      https://samk.blog/topics/people/      301!
/how-my-year-ended/      https://samk.blog/how-my-year-ended/      301!
/topics/positivity/      https://samk.blog/topics/positivity/      301!
/positivity-amidst-negativity/     https://samk.blog/positivity-amidst-negativity/     301!
/categories/q-amp-a/     https://samk.blog/categories/q-amp-a/     301!
/three-days-computerless/      https://samk.blog/three-days-computerless/      301!
/rethinking-capitalism-videos/     https://samk.blog/rethinking-capitalism-videos/     301!
/topics/gratefulness/      https://samk.blog/topics/gratefulness/      301!
/topics/misfortune/      https://samk.blog/topics/misfortune/      301!
/my-computer-died/     https://samk.blog/my-computer-died/     301!
/your-revolutionary-role/      https://samk.blog/your-revolutionary-role/      301!
/topics/question/      https://samk.blog/topics/question/      301!
/topics/aloneness/     https://samk.blog/topics/aloneness/     301!
/alone-not-lonely/     https://samk.blog/alone-not-lonely/     301!
/see-movie-by-yourself/      https://samk.blog/see-movie-by-yourself/      301!
/topics/labels/      https://samk.blog/topics/labels/      301!
/topics/profession/      https://samk.blog/topics/profession/      301!
/what-do-you-do/     https://samk.blog/what-do-you-do/     301!
/today-is-perfect/     https://samk.blog/today-is-perfect/     301!
/tomorrow-is-perfect/      https://samk.blog/tomorrow-is-perfect/      301!
/happy-thanksgiving/     https://samk.blog/happy-thanksgiving/     301!
/topics/family/      https://samk.blog/topics/family/      301!
/friendsgiving-2013/     https://samk.blog/friendsgiving-2013/     301!
/okay-with-revolution/     https://samk.blog/okay-with-revolution/     301!
/gratitude-challenge/      https://samk.blog/gratitude-challenge/      301!
/celebrities-as-people/      https://samk.blog/celebrities-as-people/      301!
/topics/fame/      https://samk.blog/topics/fame/      301!
/topics/objectification/     https://samk.blog/topics/objectification/     301!
/living-in-the-undefined/      https://samk.blog/living-in-the-undefined/      301!
/topics/wondering/     https://samk.blog/topics/wondering/     301!
/topics/copyright/     https://samk.blog/topics/copyright/     301!
/uncopyright/      https://samk.blog/uncopyright/      301!
/happiness/      https://samk.blog/happiness/      301!
/2-5-weeks-and-15000-words/      https://samk.blog/2-5-weeks-and-15000-words/      301!
/topics/atx/     https://samk.blog/topics/atx/     301!
/topics/home/      https://samk.blog/topics/home/      301!
/my-heart-in-austin-texas/     https://samk.blog/my-heart-in-austin-texas/     301!
/topics/gaming/      https://samk.blog/topics/gaming/      301!
/my-gaming-community/      https://samk.blog/my-gaming-community/      301!
/catalytic-friends/      https://samk.blog/catalytic-friends/      301!
/topics/motivation/      https://samk.blog/topics/motivation/      301!
/topics/feedback/      https://samk.blog/topics/feedback/      301!
/numbers-rule-my-life/     https://samk.blog/numbers-rule-my-life/     301!
/us-vs-them/     https://samk.blog/us-vs-them/     301!
/topics/platinum-rule/     https://samk.blog/topics/platinum-rule/     301!
/im-glad-chivalry-is-dead/     https://samk.blog/im-glad-chivalry-is-dead/     301!
/i-miss-wondering/     https://samk.blog/i-miss-wondering/     301!
/topics/judgment/      https://samk.blog/topics/judgment/      301!
/let-your-teacher-grade-your-test/     https://samk.blog/let-your-teacher-grade-your-test/     301!
/no-lying-for-one-week/      https://samk.blog/no-lying-for-one-week/      301!
/topics/honesty/     https://samk.blog/topics/honesty/     301!
/topics/lying/     https://samk.blog/topics/lying/     301!
/topics/oppression/      https://samk.blog/topics/oppression/      301!
/republican-values-against-oppression/     https://samk.blog/republican-values-against-oppression/     301!
/reading-the-fine-print/     https://samk.blog/reading-the-fine-print/     301!
/topics/trust/     https://samk.blog/topics/trust/     301!
/hiding-behind-a-keyboard/     https://samk.blog/hiding-behind-a-keyboard/     301!
/topics/stand-up/      https://samk.blog/topics/stand-up/      301!
/why-i-ride-the-bus/     https://samk.blog/why-i-ride-the-bus/     301!
/topics/belief/      https://samk.blog/topics/belief/      301!
/i-dont-believe-in-god/      https://samk.blog/i-dont-believe-in-god/      301!
we-fabricate-the-obstacles-to-happiness/      https://samk.blog/we-fabricate-the-obstacles-to-happiness/      /301!
/topics/halloween/     https://samk.blog/topics/halloween/     301!
/halloween-through-many-eyes/      https://samk.blog/halloween-through-many-eyes/      301!
/topics/humor/     https://samk.blog/topics/humor/     301!
/welcome/      https://samk.blog/welcome/      301!
/all/      https://samk.blog/all/      301!
/start-here/     https://samk.blog/start-here/     301!
/sockpuppets-vox-populi/    https://samk.blog/sockpuppets-vox-populi/   301!
/pay-them/                  https://samk.blog/pay-them/   301!      
/radical-fringe/            https://samk.blog/radical-fringe/           301! 
/in-real-life/            https://samk.blog/in-real-life/           301! 
/who-social-justice-minus-dogma-book-is-for/  https://samk.blog/who-social-justice-minus-dogma-book-is-for/ 301! 
/bad-faith/            https://samk.blog/bad-faith/           301! 
/activism-cognitive-biases/            https://samk.blog/activism-cognitive-biases/           301! 
/unconscious-bias-internalized-oppression/            https://samk.blog/unconscious-bias-internalized-oppression/           301! 
/hearts-minds-chutes-ladders/            https://samk.blog/hearts-minds-chutes-ladders/           301! 
/time-not-right/            https://samk.blog/time-not-right/           301! 
/passing-the-mic/            https://samk.blog/passing-the-mic/           301! 
/teaching-oppression/            https://samk.blog/teaching-oppression/           301! 
/what-is-social-justice-dogma/            https://samk.blog/what-is-social-justice-dogma/           301! 
/ceasefire-on-intentions/            https://samk.blog/ceasefire-on-intentions/           301! 
/arguments-against-financial-transparency/            https://samk.blog/arguments-against-financial-transparency/           301! 
/trickle-down-social-justice/            https://samk.blog/trickle-down-social-justice/           301! 
/writing/becoming-a-jack-of-all-trades-the-252550-rule/ https://samk.blog/the-9-3-1-learning-rule/ 301!
/enemy-of-your-enemy/            https://samk.blog/enemy-of-your-enemy/           301! 

/the-all-gender-restroom-sign/      /work/all-gender-restroom-sign/       301!
http://samuel-killermann.netlify.app/ https://www.samkillermann.com/     301!
http://www.samuel-killermann.netlify.app/ https://www.samkillermann.com/     301!
